User id,User Name,Profile URL
53297505494,mohammaduzair361,https://www.instagram.com/mohammaduzair361
53660011366,saifullah_adenwalla,https://www.instagram.com/saifullah_adenwalla
10195483356,umerali616,https://www.instagram.com/umerali616
45173187149,bilalahmedkhan5,https://www.instagram.com/bilalahmedkhan5
55042719284,rudhaniameen,https://www.instagram.com/rudhaniameen
7726658919,clicksbynomi_._,https://www.instagram.com/clicksbynomi_._
28028130343,shahzaib_12.12,https://www.instagram.com/shahzaib_12.12
35157945478,hammadraza511,https://www.instagram.com/hammadraza511
1998615400,itskashan,https://www.instagram.com/itskashan
43855865659,shahzaibmasood.22,https://www.instagram.com/shahzaibmasood.22
1491745885,noman.1,https://www.instagram.com/noman.1
5370967354,hasnainikhlaq,https://www.instagram.com/hasnainikhlaq
8742982660,afnanbanka_,https://www.instagram.com/afnanbanka_
53181494098,rn_shqikh,https://www.instagram.com/rn_shqikh
2307786167,anum16_,https://www.instagram.com/anum16_
14515961867,01.sameed,https://www.instagram.com/01.sameed
3957630091,nomanvirk_,https://www.instagram.com/nomanvirk_
8071904900,_aemanagha75,https://www.instagram.com/_aemanagha75
3947959673,ibrahimmehak,https://www.instagram.com/ibrahimmehak
7616321889,syedhuzaifa12,https://www.instagram.com/syedhuzaifa12
5385058447,_shaykh_adil,https://www.instagram.com/_shaykh_adil
3606131867,satrangipalette,https://www.instagram.com/satrangipalette
7099257276,aliyan_imrann,https://www.instagram.com/aliyan_imrann
4753112054,qamar._.abbas,https://www.instagram.com/qamar._.abbas
17561306587,lanaschildxx,https://www.instagram.com/lanaschildxx
935990156,ahmer.irshad,https://www.instagram.com/ahmer.irshad
1464006727,sammar.khan,https://www.instagram.com/sammar.khan
2324801819,ammara_adenwalla,https://www.instagram.com/ammara_adenwalla
9455041545,ashar._.sheikh,https://www.instagram.com/ashar._.sheikh
6319673889,moix.ahmed.3,https://www.instagram.com/moix.ahmed.3
53928063362,x_saif_x_adenwalla,https://www.instagram.com/x_saif_x_adenwalla
1915382661,_izzaaaann,https://www.instagram.com/_izzaaaann
3450007043,mustafaelahii,https://www.instagram.com/mustafaelahii
5566173289,samiejanmuhammad,https://www.instagram.com/samiejanmuhammad
3255853131,talha_tariq_1,https://www.instagram.com/talha_tariq_1
24794795540,rumanibrahim78,https://www.instagram.com/rumanibrahim78
53645590921,masood_ahmed_adenwala,https://www.instagram.com/masood_ahmed_adenwala
1901763438,taha.yusufi,https://www.instagram.com/taha.yusufi
39265787722,aliyasangji_,https://www.instagram.com/aliyasangji_
7685698519,abdulraufrafique_,https://www.instagram.com/abdulraufrafique_
6966279609,zainsulemankhan,https://www.instagram.com/zainsulemankhan
4258724728,abubakerghani,https://www.instagram.com/abubakerghani
1672136415,isragaba__24,https://www.instagram.com/isragaba__24
5805629657,_mahnoorkhaann,https://www.instagram.com/_mahnoorkhaann
2641630954,mustafa_sharief,https://www.instagram.com/mustafa_sharief
1903408562,rohail_babu,https://www.instagram.com/rohail_babu
39650748010,harry_loyyed,https://www.instagram.com/harry_loyyed
24984818141,omerr._xx,https://www.instagram.com/omerr._xx
20280449647,___junaid___raza___,https://www.instagram.com/___junaid___raza___
45960312434,atharalihahsmi,https://www.instagram.com/atharalihahsmi
51709424930,farah.khan601,https://www.instagram.com/farah.khan601
2062601771,maqsood.adenwalla,https://www.instagram.com/maqsood.adenwalla
4270698250,_m.hamzaa_,https://www.instagram.com/_m.hamzaa_
1618725635,shahveer_qureshi,https://www.instagram.com/shahveer_qureshi
4165389057,itsbewajah,https://www.instagram.com/itsbewajah
1639799049,ahmedshiekhh,https://www.instagram.com/ahmedshiekhh
768262220,beyoncesgrammys,https://www.instagram.com/beyoncesgrammys
2247739026,amnakhanpathan,https://www.instagram.com/amnakhanpathan
6965908675,hadi.aamiir,https://www.instagram.com/hadi.aamiir
8431385021,anoushay__khan,https://www.instagram.com/anoushay__khan
3670686705,sdfmansoor75,https://www.instagram.com/sdfmansoor75
2084301047,rahimraza_,https://www.instagram.com/rahimraza_
11923750812,ha.roon5342,https://www.instagram.com/ha.roon5342
6141962755,abdurehman.adenwalla,https://www.instagram.com/abdurehman.adenwalla
3147834812,saifullahayub.12388,https://www.instagram.com/saifullahayub.12388
31816309078,halalvodka20,https://www.instagram.com/halalvodka20
4005119127,razaj29,https://www.instagram.com/razaj29
1386574627,waleedtookthis,https://www.instagram.com/waleedtookthis
1544865317,its_shiekh_basit,https://www.instagram.com/its_shiekh_basit
1371718217,amnasolangi,https://www.instagram.com/amnasolangi
4047414847,talhachaudhary607,https://www.instagram.com/talhachaudhary607
2964093195,ajnesh_dodeja,https://www.instagram.com/ajnesh_dodeja
1718552502,afad._.rajput,https://www.instagram.com/afad._.rajput
1459234142,alizababar,https://www.instagram.com/alizababar
7495037318,saimakashmiri_,https://www.instagram.com/saimakashmiri_
3142900160,usman._.noorain,https://www.instagram.com/usman._.noorain
1441750221,mahamimrann,https://www.instagram.com/mahamimrann
27370646086,hirabubaker3425,https://www.instagram.com/hirabubaker3425
42642417331,abdullahtariq_07,https://www.instagram.com/abdullahtariq_07
53898827042,shajan2653,https://www.instagram.com/shajan2653
14772570283,nomairakram,https://www.instagram.com/nomairakram
31839203461,hafeez_agha123,https://www.instagram.com/hafeez_agha123
1463279318,abubakarnamoree,https://www.instagram.com/abubakarnamoree
1462043214,muhammadkashann,https://www.instagram.com/muhammadkashann
10681381676,gujjar.chaamir,https://www.instagram.com/gujjar.chaamir
625275204,ham_zaay,https://www.instagram.com/ham_zaay
3500290340,rhammad501,https://www.instagram.com/rhammad501
531584468,saaad_mahmood,https://www.instagram.com/saaad_mahmood
8204244828,zaybunnisaa_,https://www.instagram.com/zaybunnisaa_
1419348516,m.bilalzia,https://www.instagram.com/m.bilalzia
2275355461,harish.111,https://www.instagram.com/harish.111
1534479094,ebadhussain231,https://www.instagram.com/ebadhussain231
34161200207,_xo_abdullah89_,https://www.instagram.com/_xo_abdullah89_
15903369943,javeria.zeeshan.399,https://www.instagram.com/javeria.zeeshan.399
1098992953,tabraiz_saleem,https://www.instagram.com/tabraiz_saleem
16413826902,hashy_chauhan,https://www.instagram.com/hashy_chauhan
4558936269,taimoor491,https://www.instagram.com/taimoor491
55074660175,abdullahijaz915,https://www.instagram.com/abdullahijaz915
1226125634,habibyusufff,https://www.instagram.com/habibyusufff
53396045242,rafay.imran.7547,https://www.instagram.com/rafay.imran.7547
16413826902,hashy_chauhan,https://www.instagram.com/hashy_chauhan
4558936269,taimoor491,https://www.instagram.com/taimoor491
55074660175,abdullahijaz915,https://www.instagram.com/abdullahijaz915
1226125634,habibyusufff,https://www.instagram.com/habibyusufff
53396045242,rafay.imran.7547,https://www.instagram.com/rafay.imran.7547
3628813867,shagufta8411,https://www.instagram.com/shagufta8411
13231558347,hadi_privv12345,https://www.instagram.com/hadi_privv12345
53825152255,habibullah.kashif7,https://www.instagram.com/habibullah.kashif7
5985579585,nida.waqas.mobile,https://www.instagram.com/nida.waqas.mobile
44749801428,bee.__.arts,https://www.instagram.com/bee.__.arts
1418341237,talalowais,https://www.instagram.com/talalowais
4089908743,nasirhussain900,https://www.instagram.com/nasirhussain900
1535471655,momin.here,https://www.instagram.com/momin.here
2127218838,i11awan,https://www.instagram.com/i11awan
44910554111,itx_sherry147,https://www.instagram.com/itx_sherry147
50582152635,shamoliat,https://www.instagram.com/shamoliat
49506032856,asadahmedsheikh786,https://www.instagram.com/asadahmedsheikh786
45128640512,aagracollection,https://www.instagram.com/aagracollection
5533046328,muhammadhussain6345,https://www.instagram.com/muhammadhussain6345
7738748336,mafia_boy2275,https://www.instagram.com/mafia_boy2275
1634947393,shahryarhussayn,https://www.instagram.com/shahryarhussayn
4735641923,waqarahmed8129,https://www.instagram.com/waqarahmed8129
2333550088,ayeshamasood550,https://www.instagram.com/ayeshamasood550
23659726874,bilaladenwala,https://www.instagram.com/bilaladenwala
6968760418,zaheer.babar.750,https://www.instagram.com/zaheer.babar.750
50226603217,mahnoorasif91,https://www.instagram.com/mahnoorasif91
20914368838,hannan_560,https://www.instagram.com/hannan_560
8402891608,shah_zaman_mughal,https://www.instagram.com/shah_zaman_mughal
3189888352,mohammadsarim90,https://www.instagram.com/mohammadsarim90
10114730057,shiraz.siddiqui1,https://www.instagram.com/shiraz.siddiqui1
247104970,zarain01,https://www.instagram.com/zarain01
364648635,hinagul.cph,https://www.instagram.com/hinagul.cph
1910352628,buojha,https://www.instagram.com/buojha
51128313256,iqrauniversityconfessions,https://www.instagram.com/iqrauniversityconfessions
14323014613,abdullahhaseeb1,https://www.instagram.com/abdullahhaseeb1
51624905439,pak_accessoriez,https://www.instagram.com/pak_accessoriez
8674214524,huzaifa2331,https://www.instagram.com/huzaifa2331
5722647771,moiz_33_,https://www.instagram.com/moiz_33_
5969732788,muhammadadeel4712,https://www.instagram.com/muhammadadeel4712
3439085873,daniagetsartsy,https://www.instagram.com/daniagetsartsy
2570798521,affanejaz,https://www.instagram.com/affanejaz
5634645009,sardar.tahir.180,https://www.instagram.com/sardar.tahir.180
1677111191,asadmaqsoodshaikh,https://www.instagram.com/asadmaqsoodshaikh
4025022497,faizan.maqbool_,https://www.instagram.com/faizan.maqbool_
1763690145,hussainmotani,https://www.instagram.com/hussainmotani
44840061307,muhammadhammad212,https://www.instagram.com/muhammadhammad212
36593106261,muhammad_ibrahimadenwalla,https://www.instagram.com/muhammad_ibrahimadenwalla
2204426075,malik_abdul_rehmaan,https://www.instagram.com/malik_abdul_rehmaan
47962114952,emma_dreamz22,https://www.instagram.com/emma_dreamz22
2570294167,sheikh_hashir98,https://www.instagram.com/sheikh_hashir98
51642148489,inzemam_rahmat,https://www.instagram.com/inzemam_rahmat
1462062223,hashimadenwalla,https://www.instagram.com/hashimadenwalla
47091088871,tanzeem5576,https://www.instagram.com/tanzeem5576
51162509149,eshaalpeer,https://www.instagram.com/eshaalpeer
7381320786,hassankhan3695,https://www.instagram.com/hassankhan3695
52347221685,tambumaybambu,https://www.instagram.com/tambumaybambu
27244345671,hinawajid5,https://www.instagram.com/hinawajid5
3469030789,tm_kapasi,https://www.instagram.com/tm_kapasi
4594824339,mannankhan_1998,https://www.instagram.com/mannankhan_1998
2975498452,munirajafrani,https://www.instagram.com/munirajafrani
6968953293,asima.shaikh.14,https://www.instagram.com/asima.shaikh.14
2874899613,waseemkhan1237,https://www.instagram.com/waseemkhan1237
53320814300,4347a_bdullah,https://www.instagram.com/4347a_bdullah
5625337433,azmatnasser1,https://www.instagram.com/azmatnasser1
47371896053,khanbrother348,https://www.instagram.com/khanbrother348
1949889049,rock.rohail,https://www.instagram.com/rock.rohail
47715530793,waqas.virk19_,https://www.instagram.com/waqas.virk19_
1464669783,safa_adenwalla07_,https://www.instagram.com/safa_adenwalla07_
6218328315,ahsan957,https://www.instagram.com/ahsan957
18289444962,owaisnamo,https://www.instagram.com/owaisnamo
1458925690,rehanakhter,https://www.instagram.com/rehanakhter
3918073320,abubakar7120,https://www.instagram.com/abubakar7120
1446093848,farooqdanish,https://www.instagram.com/farooqdanish
1297877259,asher_sheikh,https://www.instagram.com/asher_sheikh
6256472287,mansoorkhan3036,https://www.instagram.com/mansoorkhan3036
53601979944,tenads_marketing,https://www.instagram.com/tenads_marketing
2928063253,anussaeed9,https://www.instagram.com/anussaeed9
8982677752,urahamanzia,https://www.instagram.com/urahamanzia
15168136817,omaniiets,https://www.instagram.com/omaniiets
13615152806,abdullah.nawab.9277,https://www.instagram.com/abdullah.nawab.9277
45337679175,abubakar.khan123,https://www.instagram.com/abubakar.khan123
3264620499,pali297,https://www.instagram.com/pali297
5758119980,hasan_raza_maqsood,https://www.instagram.com/hasan_raza_maqsood
21771496338,abubakar_ahmed_06,https://www.instagram.com/abubakar_ahmed_06
3046075061,rashi7158,https://www.instagram.com/rashi7158
1187642756,_hasanahmad_,https://www.instagram.com/_hasanahmad_
47305240064,iu.trolling_hub3.0,https://www.instagram.com/iu.trolling_hub3.0
1928976022,ali_2002578,https://www.instagram.com/ali_2002578
6210494863,moonleather.products,https://www.instagram.com/moonleather.products
6793484226,hassanrk110,https://www.instagram.com/hassanrk110
44215640862,piyaar_ka_panchnama,https://www.instagram.com/piyaar_ka_panchnama
6014797411,sahab3919,https://www.instagram.com/sahab3919
4032270321,abdul_basit5304,https://www.instagram.com/abdul_basit5304
2039265677,sheikh_hashir9,https://www.instagram.com/sheikh_hashir9
775431025,al3xand3rtorr35,https://www.instagram.com/al3xand3rtorr35
9204851920,anees_kalwar21,https://www.instagram.com/anees_kalwar21
6044888276,fahad.feroz.710,https://www.instagram.com/fahad.feroz.710
6973280435,razzaq4212,https://www.instagram.com/razzaq4212
5789795628,i_mfaizanshaikh,https://www.instagram.com/i_mfaizanshaikh
45267290311,amjad92ali2021,https://www.instagram.com/amjad92ali2021
6125626537,jawaria.kazi786,https://www.instagram.com/jawaria.kazi786
6329402390,ae_wears,https://www.instagram.com/ae_wears
48101017492,amna.khan359,https://www.instagram.com/amna.khan359
1449851677,muslim_footsteps,https://www.instagram.com/muslim_footsteps
8282174681,abdul_basit_abk_69,https://www.instagram.com/abdul_basit_abk_69
53234295216,habibkashif_13,https://www.instagram.com/habibkashif_13
48146800514,shah.zaman.mughal,https://www.instagram.com/shah.zaman.mughal
8750727878,aduu_khan.786,https://www.instagram.com/aduu_khan.786
46136173544,siddiq_rajput,https://www.instagram.com/siddiq_rajput
2173176833,wbh_7a,https://www.instagram.com/wbh_7a
4203796560,pearly_angelina,https://www.instagram.com/pearly_angelina
2922432928,umar2132,https://www.instagram.com/umar2132
8894175179,m.saifullahadenwalla,https://www.instagram.com/m.saifullahadenwalla
8533455146,omair.ahmad.1401,https://www.instagram.com/omair.ahmad.1401
4160833607,rizwan_adenwalla786,https://www.instagram.com/rizwan_adenwalla786
51740703386,hamzazahid204,https://www.instagram.com/hamzazahid204
5103120211,maqsoodadenwalla,https://www.instagram.com/maqsoodadenwalla
2012964051,kazi_sn_,https://www.instagram.com/kazi_sn_
44539454427,uzmaali926,https://www.instagram.com/uzmaali926
9466111624,itssalmankhan786,https://www.instagram.com/itssalmankhan786
1778341220,abid_rajput,https://www.instagram.com/abid_rajput
5046846099,ibneamjad,https://www.instagram.com/ibneamjad
25983407404,syedmoinjaffri,https://www.instagram.com/syedmoinjaffri
9060974177,nomanvirk1,https://www.instagram.com/nomanvirk1
2165361749,hannanchaudary,https://www.instagram.com/hannanchaudary
16115654245,abeerahsaleem123,https://www.instagram.com/abeerahsaleem123
30395589833,muhammadshahzaibabid,https://www.instagram.com/muhammadshahzaibabid
3300483916,tayyab5930,https://www.instagram.com/tayyab5930
21882028489,universalbikedealer,https://www.instagram.com/universalbikedealer
16877518616,iu_edc_campus_confessions,https://www.instagram.com/iu_edc_campus_confessions
36873327041,pink.gamer__,https://www.instagram.com/pink.gamer__
8506879116,ahmedmobeen196,https://www.instagram.com/ahmedmobeen196
3596904331,zahid.1991,https://www.instagram.com/zahid.1991
33646319513,hmzasatti0,https://www.instagram.com/hmzasatti0
20887237212,hammadraza980,https://www.instagram.com/hammadraza980
6961194097,khurshidamukhtar,https://www.instagram.com/khurshidamukhtar
16717001246,youlike360,https://www.instagram.com/youlike360
3253614252,mushtaq7892,https://www.instagram.com/mushtaq7892
5551381560,rehmankhalilurrehman83,https://www.instagram.com/rehmankhalilurrehman83
35121761504,outlook.370,https://www.instagram.com/outlook.370
6760532193,umarquraishe,https://www.instagram.com/umarquraishe
7594823938,awa229,https://www.instagram.com/awa229
1509794359,daniyalnaeem62,https://www.instagram.com/daniyalnaeem62
3413439689,amankhan3909,https://www.instagram.com/amankhan3909
6453779311,hhigiyi,https://www.instagram.com/hhigiyi
16150699452,pakistanhealthguide,https://www.instagram.com/pakistanhealthguide
26670434854,sokproduction,https://www.instagram.com/sokproduction
39787709868,islamcall74,https://www.instagram.com/islamcall74
2253982218,suhaib.rafi,https://www.instagram.com/suhaib.rafi
53825152255,habibullah.kashif7,https://www.instagram.com/habibullah.kashif7
1509211197,duaazahoor,https://www.instagram.com/duaazahoor
3439313246,obaid5422,https://www.instagram.com/obaid5422
13737515448,officialqueen199,https://www.instagram.com/officialqueen199
5555033905,ruman_ibrahim,https://www.instagram.com/ruman_ibrahim
12240945101,mansoor_eman,https://www.instagram.com/mansoor_eman
4355967992,maria_khan_213,https://www.instagram.com/maria_khan_213
25318842129,pink__iman,https://www.instagram.com/pink__iman
4633387608,rockrohail67,https://www.instagram.com/rockrohail67
5379297481,usamalewis8986,https://www.instagram.com/usamalewis8986
44540486330,ahsansatti8,https://www.instagram.com/ahsansatti8
5686060336,mustafa.hussain.98229241,https://www.instagram.com/mustafa.hussain.98229241
5517404150,abdurrehman.arain,https://www.instagram.com/abdurrehman.arain
14041292682,umarahmed002,https://www.instagram.com/umarahmed002
3592410568,hannanshiekh98,https://www.instagram.com/hannanshiekh98
6568678775,03.162776097,https://www.instagram.com/03.162776097
9726307820,syedmuhammadahmed9,https://www.instagram.com/syedmuhammadahmed9
40370090769,um.er7562,https://www.instagram.com/um.er7562
1744929445,waqasshk,https://www.instagram.com/waqasshk
6989382331,muzammiljah8178,https://www.instagram.com/muzammiljah8178
6121723909,saadharis109,https://www.instagram.com/saadharis109
2235818344,raja_sohaib23,https://www.instagram.com/raja_sohaib23
3235009092,saifjaan4761,https://www.instagram.com/saifjaan4761
19486612910,muhammad_____sameee,https://www.instagram.com/muhammad_____sameee
9054719191,rgs_confession_,https://www.instagram.com/rgs_confession_
2462206669,muhmmadkareemkhan,https://www.instagram.com/muhmmadkareemkhan
2349449924,aamir_gujjar2000,https://www.instagram.com/aamir_gujjar2000
7620533694,junaidraza4860,https://www.instagram.com/junaidraza4860
5371255996,syed.usama.1994,https://www.instagram.com/syed.usama.1994
37843969958,4347_abdullah,https://www.instagram.com/4347_abdullah
6278454041,saad.haris.3,https://www.instagram.com/saad.haris.3
49156658842,trendy.commerce,https://www.instagram.com/trendy.commerce
4044150814,alisha_fatii,https://www.instagram.com/alisha_fatii
2874740717,tanoliabubaker99,https://www.instagram.com/tanoliabubaker99
8008599643,tanoli782,https://www.instagram.com/tanoli782
51200954002,hadi.a861,https://www.instagram.com/hadi.a861
3442545066,bilu.khan,https://www.instagram.com/bilu.khan
5506394044,faiz.12388,https://www.instagram.com/faiz.12388
32177768006,saad_haris_official,https://www.instagram.com/saad_haris_official
4190827047,its_shekh_basit,https://www.instagram.com/its_shekh_basit
4089111605,exclusivebazar.pk,https://www.instagram.com/exclusivebazar.pk
4909909741,lishy_khan999,https://www.instagram.com/lishy_khan999
5534045496,harisashraf2786,https://www.instagram.com/harisashraf2786
3867043467,mujhtaba_raza,https://www.instagram.com/mujhtaba_raza
4290409434,sahil.fazza,https://www.instagram.com/sahil.fazza
5712683967,hassanraza3390,https://www.instagram.com/hassanraza3390
4183031634,sheikh_hussain_ahmed,https://www.instagram.com/sheikh_hussain_ahmed
3237220281,faray__26,https://www.instagram.com/faray__26
1485391475,siddiqrajput,https://www.instagram.com/siddiqrajput
39678792705,apple_phone786,https://www.instagram.com/apple_phone786
31303935280,ijazmuhammadabdullah,https://www.instagram.com/ijazmuhammadabdullah
