User id,User Name,Profile URL
53297505494,mohammaduzair361,https://www.instagram.com/mohammaduzair361
10195483356,umerali616,https://www.instagram.com/umerali616
53660011366,saifullah_adenwalla,https://www.instagram.com/saifullah_adenwalla
8071904900,_aemanagha75,https://www.instagram.com/_aemanagha75
45173187149,bilalahmedkhan5,https://www.instagram.com/bilalahmedkhan5
7726658919,clicksbynomi_._,https://www.instagram.com/clicksbynomi_._
7616321889,syedhuzaifa12,https://www.instagram.com/syedhuzaifa12
5370967354,hasnainikhlaq,https://www.instagram.com/hasnainikhlaq
5566173289,samiejanmuhammad,https://www.instagram.com/samiejanmuhammad
53928063362,x_saif_x_adenwalla,https://www.instagram.com/x_saif_x_adenwalla
24794795540,rumanibrahim78,https://www.instagram.com/rumanibrahim78
14515961867,01.sameed,https://www.instagram.com/01.sameed
5385058447,_shaykh_adil,https://www.instagram.com/_shaykh_adil
4753112054,qamar._.abbas,https://www.instagram.com/qamar._.abbas
4270698250,_m.hamzaa_,https://www.instagram.com/_m.hamzaa_
2307786167,anum16_,https://www.instagram.com/anum16_
1901763438,taha.yusufi,https://www.instagram.com/taha.yusufi
20280449647,___junaid___raza___,https://www.instagram.com/___junaid___raza___
1998615400,itskashan,https://www.instagram.com/itskashan
2324801819,ammara_adenwalla,https://www.instagram.com/ammara_adenwalla
55042719284,rudhaniameen,https://www.instagram.com/rudhaniameen
6319673889,moix.ahmed.3,https://www.instagram.com/moix.ahmed.3
39650748010,harry_loyyed,https://www.instagram.com/harry_loyyed
28028130343,shahzaib_12.12,https://www.instagram.com/shahzaib_12.12
4165389057,itsbewajah,https://www.instagram.com/itsbewajah
4047414847,talhachaudhary607,https://www.instagram.com/talhachaudhary607
3255853131,talha_tariq_1,https://www.instagram.com/talha_tariq_1
5805629657,_mahnoorkhaann,https://www.instagram.com/_mahnoorkhaann
4189477113,waqas_069,https://www.instagram.com/waqas_069
1903408562,rohail_babu,https://www.instagram.com/rohail_babu
935990156,ahmer.irshad,https://www.instagram.com/ahmer.irshad
1544865317,its_shiekh_basit,https://www.instagram.com/its_shiekh_basit
2062601771,maqsood.adenwalla,https://www.instagram.com/maqsood.adenwalla
4258724728,abubakerghani,https://www.instagram.com/abubakerghani
4005119127,razaj29,https://www.instagram.com/razaj29
45960312434,atharalihahsmi,https://www.instagram.com/atharalihahsmi
7685698519,abdulraufrafique_,https://www.instagram.com/abdulraufrafique_
1915382661,_izzaaaann,https://www.instagram.com/_izzaaaann
3500290340,rhammad501,https://www.instagram.com/rhammad501
1491745885,noman.1,https://www.instagram.com/noman.1
35157945478,hammad_raza_15.29,https://www.instagram.com/hammad_raza_15.29
3450007043,mustafaelahii,https://www.instagram.com/mustafaelahii
1464006727,sammar.khan,https://www.instagram.com/sammar.khan
531584468,saaad_mahmood,https://www.instagram.com/saaad_mahmood
10681381676,gujjar.chaamir,https://www.instagram.com/gujjar.chaamir
3947959673,ibrahimmehak,https://www.instagram.com/ibrahimmehak
6141962755,abdurehman.adenwalla,https://www.instagram.com/abdurehman.adenwalla
14772570283,nomairakram,https://www.instagram.com/nomairakram
39265787722,aliyasangji_,https://www.instagram.com/aliyasangji_
2084301047,rahimraza_,https://www.instagram.com/rahimraza_
43855865659,shahzaibmasood.22,https://www.instagram.com/shahzaibmasood.22
27370646086,hirabubaker3425,https://www.instagram.com/hirabubaker3425
8402891608,shah_zaman_mughal,https://www.instagram.com/shah_zaman_mughal
7495037318,saimakashmiri_,https://www.instagram.com/saimakashmiri_
2247739026,amnakhanpathan,https://www.instagram.com/amnakhanpathan
1226125634,habibyusufff,https://www.instagram.com/habibyusufff
1441750221,mahamimrann,https://www.instagram.com/mahamimrann
17561306587,lanaschildxx,https://www.instagram.com/lanaschildxx
1672136415,isragaba__24,https://www.instagram.com/isragaba__24
53181494098,rn_shqikh,https://www.instagram.com/rn_shqikh
625275204,ham_zaay,https://www.instagram.com/ham_zaay
11923750812,ha.roon5342,https://www.instagram.com/ha.roon5342
34161200207,_xo_abdullah89_,https://www.instagram.com/_xo_abdullah89_
5969732788,muhammadadeel4712,https://www.instagram.com/muhammadadeel4712
4558936269,taimoor491,https://www.instagram.com/taimoor491
2641630954,mustafa_sharief,https://www.instagram.com/mustafa_sharief
20914368838,hannan_560,https://www.instagram.com/hannan_560
6966279609,zainsulemankhan,https://www.instagram.com/zainsulemankhan
1462043214,muhammadkashann,https://www.instagram.com/muhammadkashann
9455041545,ashar._.sheikh,https://www.instagram.com/ashar._.sheikh
24984818141,omerr._xx,https://www.instagram.com/omerr._xx
1418341237,talalowais,https://www.instagram.com/talalowais
1763690145,hussainmotani,https://www.instagram.com/hussainmotani
3606131867,satrangipalette,https://www.instagram.com/satrangipalette
3142900160,usman._.noorain,https://www.instagram.com/usman._.noorain
45128640512,aagracollection,https://www.instagram.com/aagracollection
3147834812,saifullahayub.12388,https://www.instagram.com/saifullahayub.12388
1371718217,amnasolangi,https://www.instagram.com/amnasolangi
23659726874,bilaladenwala,https://www.instagram.com/bilaladenwala
768262220,beyoncesgrammys,https://www.instagram.com/beyoncesgrammys
55074660175,abdullahijaz915,https://www.instagram.com/abdullahijaz915
1446093848,farooqdanish,https://www.instagram.com/farooqdanish
7099257276,aliyan_imrann,https://www.instagram.com/aliyan_imrann
44840061307,muhammadhammad212,https://www.instagram.com/muhammadhammad212
3670686705,sdfmansoor75,https://www.instagram.com/sdfmansoor75
1419348516,m.bilalzia,https://www.instagram.com/m.bilalzia
5722647771,moiz_33_,https://www.instagram.com/moiz_33_
42642417331,abdullahtariq_07,https://www.instagram.com/abdullahtariq_07
1463279318,abubakarnamoree,https://www.instagram.com/abubakarnamoree
4633387608,rockrohail67,https://www.instagram.com/rockrohail67
44749801428,bee.__.arts,https://www.instagram.com/bee.__.arts
1677111191,asadmaqsoodshaikh,https://www.instagram.com/asadmaqsoodshaikh
53898827042,shajan2653,https://www.instagram.com/shajan2653
6965908675,hadi.aamiir,https://www.instagram.com/hadi.aamiir
53825152255,habibullah.kashif7,https://www.instagram.com/habibullah.kashif7
10114730057,shiraz.siddiqui1,https://www.instagram.com/shiraz.siddiqui1
5533046328,muhammadhussain6345,https://www.instagram.com/muhammadhussain6345
1639799049,ahmedshiekhh,https://www.instagram.com/ahmedshiekhh
16413826902,hashy_chauhan,https://www.instagram.com/hashy_chauhan
50582152635,shamoliat,https://www.instagram.com/shamoliat
4189477113,waqas_069,https://www.instagram.com/waqas_069
53396045242,rafay.imran.7547,https://www.instagram.com/rafay.imran.7547
8282174681,abdul_basit_abk_69,https://www.instagram.com/abdul_basit_abk_69
31816309078,halalvodka20,https://www.instagram.com/halalvodka20
1718552502,afad._.rajput,https://www.instagram.com/afad._.rajput
8742982660,afnanbanka_,https://www.instagram.com/afnanbanka_
44723433014,afad69x,https://www.instagram.com/afad69x
52347221685,tambumaybambu,https://www.instagram.com/tambumaybambu
2275355461,harish.111,https://www.instagram.com/harish.111
5985579585,nida.waqas.mobile,https://www.instagram.com/nida.waqas.mobile
15903369943,javeria.zeeshan.399,https://www.instagram.com/javeria.zeeshan.399
51642148489,inzemam_rahmat,https://www.instagram.com/inzemam_rahmat
3628813867,shagufta8411,https://www.instagram.com/shagufta8411
2127218838,i11awan,https://www.instagram.com/i11awan
7738748336,mafia_boy2275,https://www.instagram.com/mafia_boy2275
1618725635,shahveer_qureshi,https://www.instagram.com/shahveer_qureshi
8204244828,zaybunnisaa_,https://www.instagram.com/zaybunnisaa_
9165840170,abeera_351,https://www.instagram.com/abeera_351
4735641923,waqarahmed8129,https://www.instagram.com/waqarahmed8129
2204426075,malik_abdul_rehmaan,https://www.instagram.com/malik_abdul_rehmaan
47371896053,khanbrother348,https://www.instagram.com/khanbrother348
8674214524,huzaifa2331,https://www.instagram.com/huzaifa2331
50226603217,mahnoorasif91,https://www.instagram.com/mahnoorasif91
1386574627,waleedtookthis,https://www.instagram.com/waleedtookthis
53645590921,masood_ahmed_adenwala,https://www.instagram.com/masood_ahmed_adenwala
1098992953,tabraiz_saleem,https://www.instagram.com/tabraiz_saleem
2333550088,ayeshamasood550,https://www.instagram.com/ayeshamasood550
364648635,hinagul.cph,https://www.instagram.com/hinagul.cph
247104970,zarain01,https://www.instagram.com/zarain01
44910554111,itx_sherry147,https://www.instagram.com/itx_sherry147
3439085873,daniagetsartsy,https://www.instagram.com/daniagetsartsy
4089908743,nasirhussain900,https://www.instagram.com/nasirhussain900
1928976022,ali_2002578,https://www.instagram.com/ali_2002578
3189888352,mohammadsarim90,https://www.instagram.com/mohammadsarim90
8431385021,anoushay__khan,https://www.instagram.com/anoushay__khan
51128313256,iqrauniversityconfessions,https://www.instagram.com/iqrauniversityconfessions
2975498452,munirajafrani,https://www.instagram.com/munirajafrani
47962114952,emma_dreamz22,https://www.instagram.com/emma_dreamz22
6968760418,zaheer.babar.750,https://www.instagram.com/zaheer.babar.750
5634645009,sardar.tahir.180,https://www.instagram.com/sardar.tahir.180
49506032856,asadahmedsheikh786,https://www.instagram.com/asadahmedsheikh786
1634947393,shahryarhussayn,https://www.instagram.com/shahryarhussayn
1910352628,buojha,https://www.instagram.com/buojha
3469030789,tm_kapasi,https://www.instagram.com/tm_kapasi
6256472287,mansoorkhan3036,https://www.instagram.com/mansoorkhan3036
51624905439,pak_accessoriez,https://www.instagram.com/pak_accessoriez
1464669783,safa_adenwalla07_,https://www.instagram.com/safa_adenwalla07_
3918073320,abubakar7120,https://www.instagram.com/abubakar7120
7420585115,siddiqrajput786,https://www.instagram.com/siddiqrajput786
1949889049,rock.rohail,https://www.instagram.com/rock.rohail
15168136817,omaniiets,https://www.instagram.com/omaniiets
13231558347,hadi_privv12345,https://www.instagram.com/hadi_privv12345
14323014613,abdullahhaseeb1,https://www.instagram.com/abdullahhaseeb1
18289444962,owaisnamo,https://www.instagram.com/owaisnamo
6218328315,ahsan957,https://www.instagram.com/ahsan957
47715530793,waqas.virk19_,https://www.instagram.com/waqas.virk19_
2874899613,waseemkhan1237,https://www.instagram.com/waseemkhan1237
1534479094,ebadhussain231,https://www.instagram.com/ebadhussain231
4594824339,mannankhan_1998,https://www.instagram.com/mannankhan_1998
4025022497,faizan.maqbool_,https://www.instagram.com/faizan.maqbool_
2570798521,affanejaz,https://www.instagram.com/affanejaz
6968953293,asima.shaikh.14,https://www.instagram.com/asima.shaikh.14
36593106261,muhammad_ibrahimadenwalla,https://www.instagram.com/muhammad_ibrahimadenwalla
53601979944,tenads_marketing,https://www.instagram.com/tenads_marketing
1462062223,hashimadenwalla,https://www.instagram.com/hashimadenwalla
7381320786,hassankhan3695,https://www.instagram.com/hassankhan3695
2570294167,sheikh_hashir98,https://www.instagram.com/sheikh_hashir98
5625337433,azmatnasser1,https://www.instagram.com/azmatnasser1
1535471655,momin.here,https://www.instagram.com/momin.here
3264620499,pali297,https://www.instagram.com/pali297
2928063253,anussaeed9,https://www.instagram.com/anussaeed9
47091088871,tanzeem5576,https://www.instagram.com/tanzeem5576
13615152806,abdullah.nawab.9277,https://www.instagram.com/abdullah.nawab.9277
3046075061,rashi7158,https://www.instagram.com/rashi7158
27244345671,hinawajid5,https://www.instagram.com/hinawajid5
8982677752,urahamanzia,https://www.instagram.com/urahamanzia
5758119980,hasan_raza_maqsood,https://www.instagram.com/hasan_raza_maqsood
21771496338,abubakar_ahmed_06,https://www.instagram.com/abubakar_ahmed_06
45337679175,abubakar.khan123,https://www.instagram.com/abubakar.khan123
51162509149,eshaalpeer,https://www.instagram.com/eshaalpeer
47305240064,iu.trolling_hub3.0,https://www.instagram.com/iu.trolling_hub3.0
1187642756,_hasanahmad_,https://www.instagram.com/_hasanahmad_
1458925690,rehanakhter,https://www.instagram.com/rehanakhter
44215640862,piyaar_ka_panchnama,https://www.instagram.com/piyaar_ka_panchnama
6210494863,moonleather.products,https://www.instagram.com/moonleather.products
2039265677,sheikh_hashir9,https://www.instagram.com/sheikh_hashir9
6125626537,jawaria.kazi786,https://www.instagram.com/jawaria.kazi786
6044888276,fahad.feroz.710,https://www.instagram.com/fahad.feroz.710
33434251831,mahwish2983,https://www.instagram.com/mahwish2983
9204851920,anees_kalwar21,https://www.instagram.com/anees_kalwar21
6793484226,hassanrk110,https://www.instagram.com/hassanrk110
4032270321,abdul_basit5304,https://www.instagram.com/abdul_basit5304
1449851677,muslim_footsteps,https://www.instagram.com/muslim_footsteps
1459234142,alizababar,https://www.instagram.com/alizababar
45267290311,amjad92ali2021,https://www.instagram.com/amjad92ali2021
4022490307,ropas_clothing,https://www.instagram.com/ropas_clothing
53320814300,4347a_bdullah,https://www.instagram.com/4347a_bdullah
6973280435,razzaq4212,https://www.instagram.com/razzaq4212
775431025,al3xand3rtorr35,https://www.instagram.com/al3xand3rtorr35
53825152255,habibullah.kashif7,https://www.instagram.com/habibullah.kashif7
48101017492,amna.khan359,https://www.instagram.com/amna.khan359
5789795628,i_mfaizanshaikh,https://www.instagram.com/i_mfaizanshaikh
6329402390,ae_wears,https://www.instagram.com/ae_wears
53234295216,habibkashif_13,https://www.instagram.com/habibkashif_13
48146800514,shah.zaman.mughal,https://www.instagram.com/shah.zaman.mughal
8894175179,m.saifullahadenwalla,https://www.instagram.com/m.saifullahadenwalla
8750727878,aduu_khan.786,https://www.instagram.com/aduu_khan.786
46136173544,siddiq_rajput,https://www.instagram.com/siddiq_rajput
4203796560,pearly_angelina,https://www.instagram.com/pearly_angelina
48083487201,beawajah,https://www.instagram.com/beawajah
6014797411,sahab3919,https://www.instagram.com/sahab3919
2173176833,wbh_7a,https://www.instagram.com/wbh_7a
1544865317,its_shiekh_basit,https://www.instagram.com/its_shiekh_basit
2922432928,umar2132,https://www.instagram.com/umar2132
4160833607,rizwan_adenwalla786,https://www.instagram.com/rizwan_adenwalla786
5103120211,maqsoodadenwalla,https://www.instagram.com/maqsoodadenwalla
51740703386,hamzazahid204,https://www.instagram.com/hamzazahid204
2012964051,kazi_sn_,https://www.instagram.com/kazi_sn_
9466111624,itssalmankhan786,https://www.instagram.com/itssalmankhan786
44539454427,uzmaali926,https://www.instagram.com/uzmaali926
1778341220,abid_rajput,https://www.instagram.com/abid_rajput
21882028489,universalbikedealer,https://www.instagram.com/universalbikedealer
9060974177,nomanvirk1,https://www.instagram.com/nomanvirk1
8533455146,omair.ahmad.1401,https://www.instagram.com/omair.ahmad.1401
16115654245,abeerahsaleem123,https://www.instagram.com/abeerahsaleem123
25983407404,syedmoinjaffri,https://www.instagram.com/syedmoinjaffri
7594823938,awa229,https://www.instagram.com/awa229
2165361749,hannanchaudary,https://www.instagram.com/hannanchaudary
20887237212,hammadraza980,https://www.instagram.com/hammadraza980
5046846099,ibneamjad,https://www.instagram.com/ibneamjad
3253614252,mushtaq7892,https://www.instagram.com/mushtaq7892
36873327041,pink.gamer__,https://www.instagram.com/pink.gamer__
30395589833,muhammadshahzaibabid,https://www.instagram.com/muhammadshahzaibabid
3596904331,zahid.1991,https://www.instagram.com/zahid.1991
16877518616,iu_edc_campus_confessions,https://www.instagram.com/iu_edc_campus_confessions
35121761504,outlook.370,https://www.instagram.com/outlook.370
1509794359,daniyalnaeem62,https://www.instagram.com/daniyalnaeem62
33646319513,hmzasatti0,https://www.instagram.com/hmzasatti0
4355967992,maria_khan_213,https://www.instagram.com/maria_khan_213
26670434854,sokproduction,https://www.instagram.com/sokproduction
6453779311,hhigiyi,https://www.instagram.com/hhigiyi
5551381560,rehmankhalilurrehman83,https://www.instagram.com/rehmankhalilurrehman83
39787709868,islamcall74,https://www.instagram.com/islamcall74
2253982218,suhaib.rafi,https://www.instagram.com/suhaib.rafi
44540486330,ahsansatti8,https://www.instagram.com/ahsansatti8
6760532193,umarquraishe,https://www.instagram.com/umarquraishe
13737515448,officialqueen199,https://www.instagram.com/officialqueen199
16150699452,pakistanhealthguide,https://www.instagram.com/pakistanhealthguide
6568678775,03.162776097,https://www.instagram.com/03.162776097
1509211197,duaazahoor,https://www.instagram.com/duaazahoor
3413439689,amankhan3909,https://www.instagram.com/amankhan3909
3592410568,hannanshiekh98,https://www.instagram.com/hannanshiekh98
3439313246,obaid5422,https://www.instagram.com/obaid5422
8506879116,ahmedmobeen196,https://www.instagram.com/ahmedmobeen196
3300483916,tayyab5930,https://www.instagram.com/tayyab5930
6961194097,khurshidamukhtar,https://www.instagram.com/khurshidamukhtar
9726307820,syedmuhammadahmed9,https://www.instagram.com/syedmuhammadahmed9
5555033905,ruman_ibrahim,https://www.instagram.com/ruman_ibrahim
9054719191,rgs_confession_,https://www.instagram.com/rgs_confession_
6121723909,saadharis109,https://www.instagram.com/saadharis109
12240945101,mansoor_eman,https://www.instagram.com/mansoor_eman
5379297481,usamalewis8986,https://www.instagram.com/usamalewis8986
5517404150,abdurrehman.arain,https://www.instagram.com/abdurrehman.arain
2349449924,aamir_gujjar2000,https://www.instagram.com/aamir_gujjar2000
2235818344,raja_sohaib23,https://www.instagram.com/raja_sohaib23
4044150814,alisha_fatii,https://www.instagram.com/alisha_fatii
6989382331,muzammiljah8178,https://www.instagram.com/muzammiljah8178
40370090769,um.er7562,https://www.instagram.com/um.er7562
16717001246,youlike360,https://www.instagram.com/youlike360
25318842129,pink__iman,https://www.instagram.com/pink__iman
7620533694,junaidraza4860,https://www.instagram.com/junaidraza4860
1744929445,waqasshk,https://www.instagram.com/waqasshk
6278454041,saad.haris.3,https://www.instagram.com/saad.haris.3
5686060336,mustafa.hussain.98229241,https://www.instagram.com/mustafa.hussain.98229241
52990858735,iqrain.setting_service_center,https://www.instagram.com/iqrain.setting_service_center
19486612910,muhammad_____sameee,https://www.instagram.com/muhammad_____sameee
5371255996,syed.usama.1994,https://www.instagram.com/syed.usama.1994
4190827047,its_shekh_basit,https://www.instagram.com/its_shekh_basit
2462206669,muhmmadkareemkhan,https://www.instagram.com/muhmmadkareemkhan
37843969958,4347_abdullah,https://www.instagram.com/4347_abdullah
14041292682,umarahmed002,https://www.instagram.com/umarahmed002
2874740717,tanoliabubaker99,https://www.instagram.com/tanoliabubaker99
4089111605,exclusivebazar.pk,https://www.instagram.com/exclusivebazar.pk
49156658842,trendy.commerce,https://www.instagram.com/trendy.commerce
4183031634,sheikh_hussain_ahmed,https://www.instagram.com/sheikh_hussain_ahmed
4909909741,lishy_khan999,https://www.instagram.com/lishy_khan999
4290409434,sahil.fazza,https://www.instagram.com/sahil.fazza
3237220281,faray__26,https://www.instagram.com/faray__26
5506394044,faiz.12388,https://www.instagram.com/faiz.12388
32177768006,saad_haris_official,https://www.instagram.com/saad_haris_official
5534045496,harisashraf2786,https://www.instagram.com/harisashraf2786
9264501638,maheenn98989,https://www.instagram.com/maheenn98989
3437282736,siddiqui5130,https://www.instagram.com/siddiqui5130
3867043467,mujhtaba_raza,https://www.instagram.com/mujhtaba_raza
4786035063,jam_saab096,https://www.instagram.com/jam_saab096
3235009092,saifjaan4761,https://www.instagram.com/saifjaan4761
8215918319,tankedupcompany,https://www.instagram.com/tankedupcompany
5712683967,hassanraza3390,https://www.instagram.com/hassanraza3390
1485391475,siddiqrajput,https://www.instagram.com/siddiqrajput
3187970893,taha_raza26,https://www.instagram.com/taha_raza26
3235009092,saifjaan4761,https://www.instagram.com/saifjaan4761
8215918319,tankedupcompany,https://www.instagram.com/tankedupcompany
5712683967,hassanraza3390,https://www.instagram.com/hassanraza3390
1485391475,siddiqrajput,https://www.instagram.com/siddiqrajput
3187970893,taha_raza26,https://www.instagram.com/taha_raza26
31303935280,ijazmuhammadabdullah,https://www.instagram.com/ijazmuhammadabdullah
5763134679,its_asfrkhan,https://www.instagram.com/its_asfrkhan
39678792705,apple_phone786,https://www.instagram.com/apple_phone786
3280723642,sayyam__yusufi,https://www.instagram.com/sayyam__yusufi
27142166031,fatimasheikh12344,https://www.instagram.com/fatimasheikh12344
47433009890,aesh_2211,https://www.instagram.com/aesh_2211
5819555433,khansahab.khansahab.503,https://www.instagram.com/khansahab.khansahab.503
8730527366,abubakarkhan966,https://www.instagram.com/abubakarkhan966
8008599643,tanoli782,https://www.instagram.com/tanoli782
3442545066,bilu.khan,https://www.instagram.com/bilu.khan
51634184879,ab.dulhadi2522,https://www.instagram.com/ab.dulhadi2522
33160212243,ashirgulzar78,https://www.instagram.com/ashirgulzar78
51200954002,hadi.a861,https://www.instagram.com/hadi.a861
3219360611,mughalies,https://www.instagram.com/mughalies
39670631558,marooshaijaz0,https://www.instagram.com/marooshaijaz0
19118040018,avenue_products,https://www.instagram.com/avenue_products
40087900354,saeedullah.143,https://www.instagram.com/saeedullah.143
11617042198,faisaldz07,https://www.instagram.com/faisaldz07
3186531813,sultan_nb,https://www.instagram.com/sultan_nb
44825639757,perdesilog_01,https://www.instagram.com/perdesilog_01
6051913263,muhammadmominkhan,https://www.instagram.com/muhammadmominkhan
6260556373,rahilhassan400,https://www.instagram.com/rahilhassan400
6795684243,hyder5811,https://www.instagram.com/hyder5811
4121583649,asharif_ladla,https://www.instagram.com/asharif_ladla
49409274898,esha.alpir,https://www.instagram.com/esha.alpir
33161616001,bilal.khan981,https://www.instagram.com/bilal.khan981
4083848788,kashif_khan6107,https://www.instagram.com/kashif_khan6107
49934601169,eshaal.pir,https://www.instagram.com/eshaal.pir
49441016680,eshaa_lpir,https://www.instagram.com/eshaa_lpir
18403272211,hmzasatti_,https://www.instagram.com/hmzasatti_
4175273116,osama_khan_45567864,https://www.instagram.com/osama_khan_45567864
3137765744,turaga_seetharamayya_,https://www.instagram.com/turaga_seetharamayya_
317337943,fredy_gallegos,https://www.instagram.com/fredy_gallegos
3308416463,souzadj20,https://www.instagram.com/souzadj20
3239871846,miraclewaqar,https://www.instagram.com/miraclewaqar
5472452053,hyder9600,https://www.instagram.com/hyder9600
26264159278,muzammil_shahmed,https://www.instagram.com/muzammil_shahmed
13238618757,ammark___7,https://www.instagram.com/ammark___7
31472340913,scam89p,https://www.instagram.com/scam89p
8598963906,ru.bab_,https://www.instagram.com/ru.bab_
39721434872,faizn.ahmad,https://www.instagram.com/faizn.ahmad
